area_sqm,bedrooms,age_years,location,price
152,2,12,Rural,8710752
229,3,19,Rural,12422409
142,2,24,Suburban,9436484
64,2,3,Suburban,5756166
156,2,9,Rural,9433109
121,1,2,Suburban,8296717
238,1,8,Rural,12776215
70,1,12,Urban,6413645
152,3,17,Suburban,10753303
171,5,14,Suburban,11659741
260,2,3,Rural,14412767
264,2,14,Suburban,16964637
124,3,21,Suburban,8931622
252,2,1,Urban,21255207
137,1,14,Suburban,9229101
166,5,7,Urban,14819055
149,4,7,Rural,8925222
153,2,16,Suburban,10191121
201,1,11,Urban,16114709
180,4,18,Rural,10490916
199,5,9,Suburban,13725314
102,4,8,Rural,7053065
51,1,4,Suburban,4748564
137,4,5,Rural,8422987
285,3,19,Rural,15345699
207,4,25,Urban,17085543
87,2,1,Rural,5900364
179,2,26,Suburban,11738935
241,3,23,Suburban,15603599
237,1,26,Urban,18498823
70,2,12,Suburban,5323879
210,5,5,Suburban,14907342
253,2,4,Suburban,16748552
107,2,24,Rural,5847641
71,1,0,Rural,4747192
285,4,20,Suburban,18463363
138,2,21,Urban,11383100
98,3,20,Rural,5670701
268,4,5,Urban,22587500
108,5,5,Suburban,8543905
219,1,22,Suburban,13693778
269,5,15,Rural,15215024
237,4,3,Suburban,16398423
257,4,29,Rural,13584246
64,4,10,Suburban,5710378
239,5,29,Suburban,15722556
239,4,29,Rural,13220339
224,5,29,Rural,12606629
239,4,23,Rural,12753250
100,3,22,Suburban,7300225
157,4,8,Suburban,11545039
104,5,22,Urban,9921871
293,2,2,Rural,15922917
113,4,18,Suburban,8774678
298,2,7,Suburban,19438281
180,3,4,Rural,10875308
278,1,3,Urban,22785295
100,3,23,Rural,6002826
184,4,5,Urban,16159059
70,2,1,Suburban,5839179
122,2,19,Urban,10350617
216,5,27,Suburban,14145096
67,2,10,Rural,4580056
181,5,3,Rural,11273470
138,1,14,Rural,7620339
109,4,5,Urban,11082731
63,5,21,Suburban,5112483
291,1,16,Rural,15480872
299,2,29,Rural,15814304
58,2,23,Suburban,4291193
139,1,5,Rural,7962788
102,2,18,Suburban,7360553
179,1,29,Suburban,11237198
133,5,24,Suburban,9116517
141,5,1,Suburban,10655325
160,1,14,Suburban,10533290
237,5,10,Urban,20051060
248,5,7,Rural,14095165
221,5,25,Urban,18181062
57,3,18,Rural,3835965
224,4,12,Urban,18892675
84,2,11,Suburban,6394350
255,3,4,Rural,14211648
130,5,5,Rural,8450557
213,1,25,Urban,16726708
99,5,21,Urban,9686267
153,4,3,Rural,9534756
181,5,18,Urban,15918624
51,1,19,Urban,5390973
183,4,0,Urban,16494480
103,5,19,Suburban,8414714
155,4,16,Suburban,10966443
53,2,11,Urban,5563429
103,2,14,Urban,9120366
270,5,0,Suburban,18901945
240,4,25,Suburban,15988100
195,1,13,Rural,10679956
267,5,5,Rural,15426709
93,2,4,Suburban,6860555
211,2,29,Urban,16310244
251,5,10,Urban,21624265
239,4,3,Urban,20464637
277,2,12,Urban,22484860
63,4,10,Rural,4506542
144,2,2,Suburban,10579397
97,2,0,Urban,9066916
64,3,5,Rural,4372882
249,2,17,Urban,20298862
255,1,23,Suburban,15390031
264,5,9,Rural,15005713
298,5,4,Suburban,20114534
239,4,22,Suburban,15560809
89,2,9,Rural,5540012
262,1,11,Rural,13800495
257,4,1,Rural,14928451
286,3,12,Rural,15900899
131,4,7,Rural,8002852
160,4,1,Rural,9825104
102,2,19,Rural,5664984
73,3,0,Urban,8089610
203,4,4,Suburban,14405401
266,1,8,Rural,14200947
237,1,16,Urban,18858377
173,5,8,Urban,15596246
286,3,10,Urban,23076308
90,3,14,Suburban,7125200
206,5,23,Rural,11456609
64,4,5,Urban,7122970
94,3,22,Suburban,6737916
114,1,2,Suburban,8407109
138,1,29,Suburban,8557739
120,2,16,Urban,9989562
58,3,4,Rural,4202600
137,4,29,Urban,11754828
178,5,27,Urban,15572950
285,5,11,Rural,15668016
185,4,17,Rural,10280699
265,2,13,Rural,13957480
112,5,20,Suburban,8072655
188,3,23,Rural,10551138
292,2,10,Urban,23848937
130,3,8,Rural,7895551
185,1,1,Urban,15536457
212,2,11,Suburban,14362228
212,5,2,Urban,18844781
82,2,2,Urban,8377887
172,2,0,Rural,9896710
54,2,7,Rural,3898848
283,2,21,Urban,22132531
280,3,27,Rural,14915849
299,1,28,Suburban,18410187
90,4,7,Suburban,7129087
77,2,10,Rural,4773778
184,5,8,Suburban,13475191
250,2,4,Rural,14174333
121,5,13,Urban,11447372
61,3,27,Urban,5773550
211,5,29,Suburban,14096022
82,4,2,Rural,5869606
97,1,20,Rural,5115140
296,5,4,Suburban,20101574
200,5,4,Urban,17402422
111,1,18,Suburban,7305463
265,4,26,Urban,21506085
86,2,13,Rural,5429998
148,5,25,Urban,12812985
221,1,29,Suburban,13564312
153,3,3,Rural,9041232
263,1,24,Suburban,16335431
268,3,12,Suburban,17562641
84,4,9,Urban,8728693
242,2,24,Suburban,15232620
276,1,17,Urban,21809679
150,5,7,Rural,9391403
224,4,7,Urban,19224657
255,1,6,Rural,13718078
180,5,7,Urban,16221129
50,1,13,Suburban,4122348
54,3,18,Urban,5807836
267,1,28,Urban,20928074
296,1,5,Rural,15651994
191,1,0,Suburban,12811998
152,4,22,Urban,12787306
76,1,14,Suburban,5682201
186,5,0,Urban,16883098
256,3,24,Urban,20561238
64,3,16,Suburban,5063132
139,1,0,Urban,12159659
91,4,14,Suburban,7360638
173,4,22,Urban,14823846
254,5,1,Rural,14647695
228,1,13,Suburban,14805562
112,3,20,Urban,10057980
145,4,7,Urban,13181714
280,1,7,Rural,14696184
290,4,18,Suburban,18732167
101,4,6,Urban,9736894
145,3,18,Rural,8542886
181,2,5,Urban,15717623
271,5,5,Suburban,18797274
278,5,2,Urban,23356088
200,3,6,Urban,17344280
280,4,18,Urban,23332438
286,1,7,Urban,23157397
192,4,9,Rural,10699754
220,3,19,Rural,12383659
78,5,14,Suburban,6584337
85,4,14,Rural,5583520
62,5,28,Rural,4350219
209,1,0,Suburban,13770198
120,5,19,Rural,7430556
236,5,29,Rural,13254085
292,2,6,Suburban,19108479
135,2,26,Suburban,8855680
77,2,3,Suburban,6209921
115,5,28,Urban,10128721
219,3,5,Urban,18570002
94,5,24,Suburban,6849140
111,3,0,Suburban,8784488
234,3,28,Suburban,14514857
294,2,4,Urban,24140980
183,4,26,Urban,15450882
77,1,22,Rural,4653752
77,2,0,Rural,5267371
157,2,29,Suburban,10239325
93,4,3,Urban,9508050
133,1,21,Urban,10592660
79,5,1,Urban,9186146
239,5,9,Suburban,16396622
124,2,4,Rural,7198097
177,1,26,Suburban,11030637
299,2,9,Rural,15994535
296,3,0,Rural,16492339
141,2,21,Suburban,9853409
266,2,5,Rural,14654483
280,5,12,Rural,15681368
239,5,14,Urban,20786155
274,5,3,Rural,15805778
178,3,12,Suburban,12218849
170,5,23,Suburban,11676117
76,1,19,Rural,4493240
239,4,23,Urban,19576721
170,1,14,Urban,13938286
165,1,28,Rural,8872880
254,5,7,Rural,14381935
282,4,4,Suburban,19038708
52,4,28,Rural,3749787
152,4,14,Urban,13337577
247,3,3,Rural,13695475
249,5,11,Suburban,16913931
204,4,12,Suburban,13875674
186,3,1,Suburban,13274466
111,2,26,Suburban,7203646
214,2,18,Suburban,13885694
274,3,18,Rural,15269209
100,3,3,Rural,6592611
283,5,3,Rural,16175858
221,5,25,Rural,12532136
201,2,10,Suburban,13287410
256,4,26,Urban,20513716
108,2,4,Rural,6715302
167,4,19,Urban,14423080
209,4,10,Rural,11626357
145,5,29,Rural,8455014
265,1,9,Urban,21483970
282,1,7,Suburban,17925410
229,3,5,Rural,12987111
162,5,5,Rural,10128452
111,4,7,Rural,7257335
290,1,22,Urban,22696201
235,4,14,Suburban,15707039
101,1,25,Urban,8024499
61,1,13,Urban,5700570
88,1,10,Suburban,6242788
179,5,11,Urban,15913948
180,2,25,Suburban,11798654
162,4,12,Rural,9277631
150,5,7,Suburban,11176850
162,5,29,Rural,9017319
233,5,17,Urban,19561990
130,5,24,Urban,11781748
236,5,0,Rural,13562010
162,3,14,Urban,14066848
51,4,7,Suburban,4697567
179,5,27,Rural,10273396
269,4,10,Urban,22115093
103,3,11,Rural,6296437
136,3,11,Suburban,10063298
278,4,3,Suburban,19073709
273,1,15,Urban,21517495
274,2,3,Suburban,18089992
178,1,4,Rural,10220813
196,1,23,Suburban,12508259
175,1,4,Rural,9775307
179,5,7,Rural,10590272
102,3,9,Suburban,7889620
221,1,16,Urban,17881140
267,3,27,Suburban,17311140
209,4,25,Rural,11162550
247,2,8,Rural,13259375
209,4,21,Suburban,14176384
296,4,18,Urban,23779693
117,5,28,Urban,10762709
232,2,13,Rural,12567013
252,4,7,Rural,14085817
233,4,8,Urban,19856085
172,2,21,Suburban,10974926
194,2,10,Rural,10964802
87,4,22,Rural,5827927
73,2,0,Urban,7749115
118,4,13,Suburban,8722698
165,4,4,Urban,14587392
147,5,20,Suburban,10200082
247,1,25,Suburban,15094071
263,4,13,Suburban,17469544
188,3,3,Rural,10932680
289,1,21,Urban,22703688
193,1,22,Urban,14925794
146,1,24,Suburban,9598242
250,5,0,Rural,14638881
173,4,21,Rural,9754632
236,5,22,Urban,19472047
119,4,18,Rural,7459828
257,5,7,Rural,14579981
142,5,14,Suburban,10411996
52,3,20,Rural,3676722
197,5,14,Suburban,13533360
236,2,8,Urban,19383563
213,3,20,Rural,11823063
196,5,8,Urban,17492819
139,1,9,Urban,11974621
244,2,19,Rural,12798964
196,2,24,Rural,10432683
197,2,20,Urban,15895721
145,3,25,Rural,8185035
248,5,8,Suburban,17059131
101,5,2,Suburban,8419085
282,1,19,Rural,15223146
210,1,24,Urban,16411838
217,2,25,Rural,11418435
177,1,10,Rural,9518650
88,3,5,Urban,8467430
131,5,1,Urban,12535936
153,2,6,Suburban,10500263
178,1,17,Urban,14647014
60,3,26,Suburban,4591832
269,3,1,Urban,22568666
234,1,26,Rural,12100745
266,5,16,Suburban,17857060
227,1,10,Suburban,14980414
200,2,26,Suburban,12345213
208,1,11,Rural,11513667
271,3,26,Rural,13866992
91,1,18,Rural,5215640
148,5,21,Rural,9208381
56,4,23,Rural,4046131
193,1,24,Suburban,12230611
139,5,6,Rural,9170389
161,5,19,Suburban,11235387
298,3,5,Rural,16436793
293,5,20,Urban,24190623
109,5,23,Suburban,8007519
162,5,0,Urban,15063177
51,5,16,Suburban,4775244
178,2,28,Urban,14207462
97,2,10,Rural,6059338
189,3,21,Rural,10444646
246,1,25,Rural,12891892
86,5,27,Suburban,6194170
209,1,17,Urban,16666349
296,1,20,Rural,15195316
58,3,16,Urban,6090344
282,5,6,Urban,23937383
148,5,16,Rural,8896875
196,4,19,Rural,11132055
97,1,8,Urban,8914562
257,1,16,Rural,13557895
180,2,19,Rural,9619661
197,4,21,Rural,10703748
201,2,21,Suburban,12991222
103,2,27,Urban,8658373
169,2,28,Urban,13321095
210,3,7,Suburban,14413153
201,3,16,Urban,16663208
165,2,6,Rural,9138713
124,4,0,Urban,12251287
162,1,12,Rural,9168797
249,4,29,Suburban,15652880
213,5,22,Rural,11877479
215,3,18,Urban,17594683
153,1,26,Urban,12432897
133,1,23,Urban,10720141
276,5,18,Suburban,18012824
161,5,29,Suburban,11192420
266,2,29,Urban,20498844
148,3,28,Rural,8107931
202,3,16,Suburban,13310046
142,4,12,Urban,12697908
195,2,28,Urban,15652451
177,2,29,Suburban,11560266
159,2,15,Suburban,10425126
131,2,7,Suburban,9413215
243,3,18,Rural,13063449
103,3,17,Rural,6099665
212,2,0,Urban,18098127
257,4,13,Suburban,16906419
238,1,18,Rural,12654120
218,1,14,Suburban,14162022
277,4,17,Urban,22623493
210,2,1,Rural,12135415
117,3,21,Rural,6565435
82,1,27,Rural,4759081
191,5,16,Urban,16216202
70,5,17,Suburban,6527942
97,4,29,Rural,5698759
197,2,5,Urban,16417538
297,1,18,Suburban,18565465
177,2,3,Urban,15030704
185,1,0,Suburban,12617393
184,4,7,Urban,16458531
244,4,28,Suburban,15593308
194,5,22,Rural,11155879
177,2,6,Suburban,11777452
82,5,2,Urban,9266590
225,2,9,Urban,18653247
253,5,9,Suburban,17471236
236,3,18,Rural,12835530
164,3,13,Rural,9322968
263,3,1,Suburban,17827223
168,3,27,Suburban,10766390
71,1,0,Urban,6776435
287,3,22,Rural,15289007
207,4,22,Suburban,13710080
87,4,27,Rural,5450766
279,1,17,Suburban,17786310
158,3,6,Suburban,11290602
100,3,28,Rural,5962380
231,3,7,Suburban,15592210
57,5,0,Suburban,5918919
76,2,24,Urban,6696668
76,5,22,Suburban,6261009
275,2,2,Suburban,18141330
70,3,23,Suburban,5357035
79,3,22,Urban,7301655
146,5,26,Rural,8681785
77,5,28,Urban,7372909
160,2,7,Urban,13781330
241,4,21,Rural,13482356
274,2,24,Urban,21380255
246,5,14,Rural,13447630
110,5,4,Urban,11143291
97,1,2,Rural,5938609
196,5,18,Suburban,13714172
53,1,0,Urban,5748896
84,4,27,Urban,7664132
241,2,14,Urban,19529836
98,2,7,Urban,9353613
66,1,1,Suburban,5479073
221,2,2,Urban,18098219
269,5,23,Suburban,17749153
207,3,13,Suburban,13919152
270,1,23,Suburban,16808350
95,2,13,Suburban,6789822
166,1,10,Rural,9438906
55,1,15,Rural,3748806
148,3,3,Urban,12924367
173,5,19,Rural,9920408
282,1,4,Rural,15151053
86,2,21,Urban,7794701
73,4,20,Urban,7281970
142,1,13,Urban,11728281
290,1,22,Rural,15181906
95,3,15,Rural,5857732
230,5,17,Urban,19461519
144,4,6,Suburban,10578568
148,2,9,Urban,12909861
237,4,6,Suburban,16102290
274,2,0,Suburban,18257389
165,5,22,Urban,14370386
240,2,20,Urban,18986596
262,3,18,Urban,21232644
209,3,15,Rural,11396957
264,3,28,Suburban,16760197
210,3,18,Rural,11725894
116,4,3,Rural,7295274
177,5,28,Urban,15087854
67,2,27,Rural,3774192
74,2,17,Urban,6925340
283,3,1,Suburban,19036040
272,3,0,Urban,22374097
103,1,14,Rural,5707104
107,5,4,Rural,7156204
116,4,19,Urban,10608008
153,2,10,Urban,13091723
223,1,9,Rural,12070823
73,1,1,Suburban,6192596
163,2,2,Suburban,11145508
81,4,22,Urban,8012097
224,1,22,Suburban,14018004
135,1,11,Rural,7729894
